{"cameraMode":{"drawMode":0,"name":"Shaded","section":"Shading Mode"},"sceneLighting":true,"audioPlay":false,"sceneViewState":{"m_AlwaysRefresh":false,"showFog":true,"showSkybox":true,"showFlares":true,"showImageEffects":true,"showParticleSystems":true,"showVisualEffectGraphs":true,"m_FxEnabled":true},"in2DMode":false,"pivot":{"x":1.2968206405639649,"y":-5.1137285232543949,"z":16.867137908935548},"rotation":{"x":0.10046008974313736,"y":0.15465280413627625,"z":-0.016688836738467218,"w":0.9827101230621338},"size":22.366613388061525,"orthographic":false}