{"cameraMode":{"drawMode":0,"name":"Shaded","section":"Shading Mode"},"sceneLighting":true,"audioPlay":false,"sceneViewState":{"m_AlwaysRefresh":false,"showFog":true,"showSkybox":true,"showFlares":true,"showImageEffects":true,"showParticleSystems":true,"showVisualEffectGraphs":true,"m_FxEnabled":true},"in2DMode":false,"pivot":{"x":26.097890853881837,"y":-17.970001220703126,"z":-0.9446978569030762},"rotation":{"x":0.09553655236959458,"y":-0.012844132259488106,"z":-0.0012321379035711289,"w":-0.9953469634056091},"size":7.721036434173584,"orthographic":false}